1,1,John Smith,Male,30,123 Main St
2,2,Susan Johnson,Female,28,456 Elm Rd
3,3,Michael Brown,Male,35,789 Oak Ave
4,4,Lisa Davis,Female,25,321 Pine Ln
5,5,David Wilson,Male,40,555 Cedar Dr
6,6,Linda Lee,Female,27,777 Redwood Pkwy
7,7,Robert Martinez,Male,29,888 Maple St
8,8,Mary Taylor,Female,33,999 Birch Rd
9,9,James Jones,Male,22,111 Cherry Ave
10,10,Patricia White,Female,31,222 Walnut Ln
11,11,William Anderson,Male,24,333 Sycamore Rd
12,12,Elizabeth Harris,Female,38,444 Juniper Dr
13,13,Joseph Jackson,Male,26,555 Aspen Ave
14,14,Margaret Thomas,Female,29,666 Willow St
15,15,Charles Miller,Male,34,777 Hemlock Rd
16,16,Dorothy Harris,Female,32,888 Spruce Ave
17,17,Thomas Hall,Male,27,999 Redbud Dr
18,18,Barbara Robinson,Female,36,123 Poplar Rd
19,19,Matthew Turner,Male,23,321 Cedar St
20,20,Sarah Harris,Female,30,456 Birch Ave
21,21,Christopher Lewis,Male,28,789 Willow Rd
22,22,Nancy Moore,Female,39,123 Cedar Dr
23,23,Joseph Hill,Male,26,111 Oak St
24,24,Karen Scott,Female,33,222 Elm Ln
25,25,Daniel Green,Male,31,555 Redwood Ave
26,26,Donna King,Female,25,888 Oak Ln
27,27,Paul Lopez,Male,37,123 Pine Rd
28,28,Ruth Young,Female,29,321 Cherry Ave
29,29,Mark Walker,Male,30,111 Walnut Rd
30,30,Betty Mitchell,Female,24,222 Sycamore Pkwy
31,31,Donald Turner,Male,35,444 Cedar Rd
32,32,Carol Martinez,Female,27,555 Poplar Ln
33,33,George Baker,Male,29,666 Juniper Ave
34,34,Kathleen Johnson,Female,26,111 Willow St
35,35,Edward Hall,Male,33,444 Hemlock Rd
36,36,Shirley Martinez,Female,31,555 Spruce Ln
37,37,Brian Davis,Male,28,123 Poplar Rd
38,38,Deborah White,Female,30,222 Pine Ave
39,39,Ronald Garcia,Male,32,789 Willow Rd
40,40,Brenda Young,Female,25,111 Cedar Rd
41,41,Gary Hernandez,Male,36,444 Redwood Pkwy
42,42,Susan Davis,Female,29,555 Birch Dr
43,43,Timothy Allen,Male,30,123 Elm Ave
44,44,Sandra Martin,Female,28,222 Oak Rd
45,45,Edward Wright,Male,33,333 Willow St
46,46,Karen Scott,Female,27,111 Pine Ln
47,47,Richard Lopez,Male,25,444 Cherry Ln
48,48,Pamela Johnson,Female,32,666 Cedar Rd
49,49,Jeffrey Turner,Male,34,222 Poplar Rd
50,50,Deborah Lewis,Female,31,789 Pine Ave
